ticker,company_name,exchange,country,sector,industry_classifications,market_cap_usd_mm,cik
MO,"Altria Group, Inc.",NYSE,United States,Consumer Staples,"Chewing, Pipe Tobacco And Snuff (Primary); Cigarettes (Primary); Cigars (Primary); Consumer Staples (Primary); Food, Beverage and Tobacco (Primary); Tobacco (Primary); Tobacco (Primary)",111777.5,0000764180
ADM,Archer-Daniels-Midland Company,NYSE,United States,Consumer Staples,"Agricultural Products and Services (Primary); Cash Grains (Primary); Consumer Staples (Primary); Corn (Primary); Food Products (Primary); Food, Beverage and Tobacco (Primary); Grain And Field Beans (Primary); Oilseed Farms (Primary); Wheat (Primary); Alcohol; Animal Feed; Biochemical Polymers; Bread and Bakery Products; Butter and Margarine; Capital Markets; Chemicals; Commodity Chemicals; Consumer Staples Distribution and Retail; Consumer Staples Distribution and Retail; Dairy Products; Dairy Products and Eggs; Dietary Foods; Edible Oils; Energy; Energy; Financial Services; Financial Services; Financials; Flour; Food Distributors; Grain Mill Products; Household and Personal Products; Industrial Organic Chemicals; Insurance; Insurance; Insurance Brokers; Investment Banking and Brokerage; Materials; Materials; Oil and Gas Refining and Marketing; Oil, Gas and Consumable Fuels; Packaged Foods and Meats; Paper and Forest Products; Paper Manufacturing; Paper Products; Personal Care Products; Personal Care Products; Polymers; Prepared and Preserved Foods; Pulp Mills; Securities and Commodities Markets Services; Soybean Oil; Specialized Finance; Sweeteners; Syrup; Vegetable Oil; Vitamins and Nutritional Supplements",33361.6,0000007084
BF-B,Brown-Forman Corporation,NYSE,United States,Consumer Staples,"Alcohol Cocktails and Drink Mixes (Primary); Beverages (Primary); Consumer Staples (Primary); Distillers and Vintners (Primary); Food, Beverage and Tobacco (Primary); Spirits and Liquors (Primary); Wine (Primary); Commercial and Professional Services; Commercial Services and Supplies; Industrials; Office Services and Supplies; Outsourced Business Services; Packaging and Labeling Services",12985.9,0000014693
BG,Bunge Global SA,NYSE,United States,Consumer Staples,"Agricultural Products and Services (Primary); Cash Grains (Primary); Consumer Staples (Primary); Corn (Primary); Food Products (Primary); Food, Beverage and Tobacco (Primary); Grain And Field Beans (Primary); Soybeans (Primary); Wheat (Primary); Alternative Energy Resources; Biofuels; Cane Sugar; Consumer Staples Distribution and Retail; Consumer Staples Distribution and Retail; Edible Oils; Flour; Food Distribution; Food Distributors; Grain Mill Products; Independent Power and Renewable Electricity Producers; Olive Oil; Packaged Foods and Meats; Renewable Electricity; Soybean Oil; Sugar; Sweeteners; Utilities; Utilities; Vegetable Oil",24206.9,0001996862; 0001144519
CHD,"Church & Dwight Co., Inc.",NYSE,United States,Consumer Staples,"Animal Care Products (Primary); Cat Litter (Primary); Cleaning Products (Primary); Consumer Staples (Primary); Household and Personal Products (Primary); Household Products (Primary); Household Products (Primary); Laundry Products (Primary); Soaps (Primary); Baking Mixes and Supplies; Beauty Care Products; Bread and Bakery Products; Chemicals; Condoms; Dental Care Products; Deodorants and Antiperspirants; Family Planning Products; Feminine Care Products; Food Products; Food, Beverage and Tobacco; Hair Care Products; Health Care; Health Care Equipment; Health Care Equipment and Services; Health Care Equipment and Supplies; Materials; Materials; Medical Testing, Analyzing, and Diagnostic Equipment; Packaged Foods and Meats; Personal Care Products; Personal Care Products; Pregnancy Test Kits; Skin Care Products; Specialty Chemicals; Vitamins and Nutritional Supplements",22507.9,0000313927
CL,Colgate-Palmolive Company,NYSE,United States,Consumer Staples,"Cleaning Products (Primary); Consumer Staples (Primary); Dishwashing Detergents (Primary); Floor Cleaners and Waxes (Primary); Household and Personal Products (Primary); Household Products (Primary); Household Products (Primary); Laundry Products (Primary); Soaps (Primary); Animal Feed; Beauty Care Products; Cat Food; Dental Care Products; Deodorants and Antiperspirants; Dog Food; Food Products; Food, Beverage and Tobacco; Hair Care Products; Health Care; Packaged Foods and Meats; Personal Care Products; Personal Care Products; Pharmaceutical Products; Pharmaceuticals; Pharmaceuticals; Pharmaceuticals, Biotechnology and Life Sciences; Skin Care Products; Veterinary Drugs",67914.9,0000021665
CAG,"Conagra Brands, Inc.",NYSE,United States,Consumer Staples,"Consumer Staples (Primary); Food Products (Primary); Food, Beverage and Tobacco (Primary); Frozen Foods (Primary); Packaged Foods and Meats (Primary); Prepared and Preserved Foods (Primary); Sauces And Salad Dressings (Primary); Seasonings and Preservatives (Primary); Snack Food (Primary)",6779.5,0000023217
STZ,"Constellation Brands, Inc.",NYSE,United States,Consumer Staples,"Beverages (Primary); Consumer Staples (Primary); Distillers and Vintners (Primary); Food, Beverage and Tobacco (Primary); Spirits and Liquors (Primary); Wine (Primary); Alcoholic Beverage and Tobacco Distribution; Alcoholic Beverage Distribution; Beer, Ale and Malt Beverages; Brewers; Consumer Discretionary; Consumer Discretionary Distribution and Retail; Distributors; Distributors; Non-Durable Goods Distribution",26858.9,0000016918
COST,Costco Wholesale Corporation,NasdaqGS,United States,Consumer Staples,"Consumer Staples (Primary); Consumer Staples Distribution and Retail (Primary); Consumer Staples Distribution and Retail (Primary); Consumer Staples Merchandise Retail (Primary); Warehouse Clubs (Primary); Automotive Retail; Broadline Retail; Broadline Retail; Consumer Discretionary; Consumer Discretionary Distribution and Retail; Consumer Services; Drug Retail; Drug Stores and Pharmacies; Gasoline Service Stations; Health Care; Health Care Equipment and Services; Health Care Providers and Services; Health Care Services; Healthcare and Medical Supply Stores; Hotels, Resorts and Cruise Lines; Hotels, Restaurants and Leisure; Motor Vehicle Parts, Accessories, and Related Retail Services; Motor Vehicle Tire Stores; Oil and Gas Retail; Online Broadline Retail; Online General Merchandise Retail; Online Specialty Retail; Optical Goods and Eyeglass Stores; Other Specialty Retail; Restaurants; Specialty Retail; Travel and Tourism Services",448599.3,0000734198; 0000909832; 0001393231
DG,Dollar General Corporation,NYSE,United States,Consumer Staples,Consumer Staples (Primary); Consumer Staples Distribution and Retail (Primary); Consumer Staples Distribution and Retail (Primary); Consumer Staples Merchandise Retail (Primary); Broadline Retail; Broadline Retail; Consumer Discretionary; Consumer Discretionary Distribution and Retail; Discount Stores; General Merchandise Stores,26583.5,0000029534
DLTR,"Dollar Tree, Inc.",NasdaqGS,United States,Consumer Staples,Consumer Staples (Primary); Consumer Staples Distribution and Retail (Primary); Consumer Staples Distribution and Retail (Primary); Consumer Staples Merchandise Retail (Primary); Broadline Retail; Broadline Retail; Consumer Discretionary; Consumer Discretionary Distribution and Retail; General Merchandise Stores; Variety Stores,20469.7,0000935703
GIS,"General Mills, Inc.",NYSE,United States,Consumer Staples,"Animal Feed (Primary); Baking Mixes and Supplies (Primary); Bread and Bakery Products (Primary); Cat Food (Primary); Cereal Breakfast Foods (Primary); Consumer Staples (Primary); Dairy Products (Primary); Dairy Products and Eggs (Primary); Desserts and Dessert Toppings (Primary); Dog Food (Primary); Ethnic Foods (Primary); Flour (Primary); Food Products (Primary); Food, Beverage and Tobacco (Primary); Frozen Bakery Products (Primary); Frozen Foods (Primary); Frozen Vegetables (Primary); Grain Mill Products (Primary); Ice Cream, Flavored Ices and Frozen Desserts (Primary); Organic Foods (Primary); Packaged Foods and Meats (Primary); Packaged Frozen Meals (Primary); Prepared and Preserved Foods (Primary); Prepared Flour Mixes And Dough (Primary); Prepared Soups and Stews (Primary); Snack Food (Primary); Application Software; Broadline Retail; Broadline Retail; Consumer Discretionary; Consumer Discretionary Distribution and Retail; Consumer Staples Distribution and Retail; Consumer Staples Distribution and Retail; Customer Billing Software; Dairy Product Stores; Department Stores; Enterprise Resource Planning (ERP) Software; Enterprise Software; Food Retail; General Ledger and Accounting Software; Grocery Stores; Human Resources Software; Information Technology; Software; Software and Services; Time Tracking and Scheduling Software",18662.8,0000040704
HRL,Hormel Foods Corporation,NYSE,United States,Consumer Staples,"Bread and Bakery Products (Primary); Bread, Biscuits and Cookies (Primary); Consumer Staples (Primary); Desserts and Dessert Toppings (Primary); Food Products (Primary); Food, Beverage and Tobacco (Primary); Frozen Foods (Primary); Meat Products (Primary); Meats, Meat Processing And Meat Related Products (Primary); Packaged Foods and Meats (Primary); Peanut Butter (Primary); Prepared and Preserved Foods (Primary); Preserves, Jams, Jellies and Nut Spreads (Primary); Snack Food (Primary); Tortillas (Primary); Turkey (Primary); Beverages; Drink Mixes; Household and Personal Products; Personal Care Products; Personal Care Products; Soft Drinks and Non-alcoholic Beverages; Vitamins and Nutritional Supplements",11858.6,0000048465
KDP,Keurig Dr Pepper Inc.,NasdaqGS,United States,Consumer Staples,"Beverages (Primary); Bottled Water (Primary); Consumer Staples (Primary); Food, Beverage and Tobacco (Primary); Non-Carbonated Drinks (Primary); Soft Drinks and Non-alcoholic Beverages (Primary); Beverage Distribution; Coffee; Coffee And Tea; Consumer Staples Distribution and Retail; Consumer Staples Distribution and Retail; Food Distributors; Food Products; Food Retail; Online Food Retail; Packaged Foods and Meats; Tea",39755.5,0001418135; 0000909954
KMB,Kimberly-Clark Corporation,NasdaqGS,United States,Consumer Staples,"Cleaning Products (Primary); Cleaning Rags, Cloths, and Wipes (Primary); Consumer Staples (Primary); Facial Tissues (Primary); Household and Personal Products (Primary); Household Paper Products (Primary); Household Products (Primary); Household Products (Primary); Paper Towels (Primary); Soaps (Primary); Toilet Tissue (Primary); Apparel; Apparel, Accessories and Luxury Goods; Baby Care Products; Consumer Discretionary; Consumer Durables and Apparel; Diapers; Feminine Care Products; Linens and Bedding; Personal Care Products; Personal Care Products; Textiles; Textiles, Apparel and Luxury Goods; Towels",32478.9,0000055785
MKC,"McCormick & Company, Incorporated",NYSE,United States,Consumer Staples,"Consumer Staples (Primary); Desserts and Dessert Toppings (Primary); Food Products (Primary); Food, Beverage and Tobacco (Primary); Herbs, Spices and Extracts (Primary); Packaged Foods and Meats (Primary); Prepared and Preserved Foods (Primary); Sauces And Salad Dressings (Primary); Seasonings and Preservatives (Primary); Chemicals; Materials; Materials; Specialty Chemicals",13857.2,0000063754
TAP,Molson Coors Beverage Company,NYSE,United States,Consumer Staples,"Beer, Ale and Malt Beverages (Primary); Beverages (Primary); Brewers (Primary); Consumer Staples (Primary); Food, Beverage and Tobacco (Primary); Alcohol Cocktails and Drink Mixes; Distillers and Vintners; Soft Drinks and Non-alcoholic Beverages; Spirits and Liquors",7991.6,0000024545
MDLZ,"Mondelez International, Inc.",NasdaqGS,United States,Consumer Staples,"Biscuits (Primary); Bread and Bakery Products (Primary); Bread, Biscuits and Cookies (Primary); Candy (Primary); Cheese (Primary); Chewing Gum (Primary); Chocolate And Cocoa Products (Primary); Confectionery Products (Primary); Consumer Staples (Primary); Cookies (Primary); Cookies And Cracker (Primary); Crackers (Primary); Dairy Products (Primary); Dairy Products and Eggs (Primary); Food Products (Primary); Food, Beverage and Tobacco (Primary); Packaged Foods and Meats (Primary); Prepared and Preserved Foods (Primary); Snack Food (Primary); Beverages; Consumer Staples Distribution and Retail; Consumer Staples Distribution and Retail; Drink Mixes; Food Retail; Online Food Retail; Online Grocery Retail; Powdered Drink Mix; Soft Drinks and Non-alcoholic Beverages",73939.9,0001103982
MNST,Monster Beverage Corporation,NasdaqGS,United States,Consumer Staples,"Beverages (Primary); Consumer Staples (Primary); Drink Mixes (Primary); Flavoring Syrup And Concentrate (Primary); Food, Beverage and Tobacco (Primary); Juices (Primary); Non-Carbonated Drinks (Primary); Soda and other Carbonated Drinks (Primary); Soft Drinks and Non-alcoholic Beverages (Primary); Beer, Ale and Malt Beverages; Brewers",76501.6,0001630408; 0000865752
PEP,"PepsiCo, Inc.",NasdaqGS,United States,Consumer Staples,"Beverages (Primary); Bottled Water (Primary); Consumer Staples (Primary); Drink Mixes (Primary); Food, Beverage and Tobacco (Primary); Juices (Primary); Non-Carbonated Drinks (Primary); Soda and other Carbonated Drinks (Primary); Soft Drinks and Non-alcoholic Beverages (Primary); Beverage Distribution; Coffee; Coffee And Tea; Consumer Staples Distribution and Retail; Consumer Staples Distribution and Retail; Dairy Products; Dairy Products and Eggs; Food Distributors; Food Products; Food Retail; Grain Mill Products; Online Beverage Retail; Online Food Retail; Packaged Food Mixes; Packaged Foods and Meats; Pasta; Potato and Corn Chips; Prepared and Preserved Foods; Sauces And Salad Dressings; Seasonings and Preservatives; Snack Food; Sweeteners; Syrup; Tea",212450.5,0000077476
PM,Philip Morris International Inc.,NYSE,United States,Consumer Staples,"Cigarettes (Primary); Consumer Staples (Primary); Food, Beverage and Tobacco (Primary); Tobacco (Primary); Tobacco (Primary); Consumer Discretionary; Consumer Durables and Apparel; Consumer Electronics; Health Care; Health Care Equipment and Services; Health Care Equipment and Supplies; Health Care Supplies; Household Durables",255915.4,0001413329
SYY,Sysco Corporation,NYSE,United States,Consumer Staples,Beverage Distribution (Primary); Consumer Staples (Primary); Consumer Staples Distribution and Retail (Primary); Consumer Staples Distribution and Retail (Primary); Food Distribution (Primary); Food Distributors (Primary); Groceries and Related Product Distribution (Primary); Capital Goods; Consumer Discretionary; Consumer Discretionary Distribution and Retail; Distributors; Distributors; Durable Goods Distribution; Household Durables Distribution; Industrials; Paper and Forest Product Distribution; Trading Companies and Distributors; Trading Companies and Distributors,36609.3,0000096021
TGT,Target Corporation,NYSE,United States,Consumer Staples,"Consumer Staples (Primary); Consumer Staples Distribution and Retail (Primary); Consumer Staples Distribution and Retail (Primary); Consumer Staples Merchandise Retail (Primary); Apparel Retail; Broadline Retail; Broadline Retail; Consumer Discretionary; Consumer Discretionary Distribution and Retail; Food Retail; General Merchandise Stores; Hobbies, Games and Toy Stores; Home Improvement Retail; Jewelry Stores; Leisure Equipment Stores; Online Accessory Retail; Online Apparel and Accessory Retail; Online Apparel Retail; Online Appliance Retail; Online Beauty Care Product Retail; Online Broadline Retail; Online Food Retail; Online General Merchandise Retail; Online Greeting Card Retail; Online Hobbies, Games and Toy Retail; Online Jewelry Retail; Online Leisure Equipment Retail; Online Office Furnishings and Equipment Retail; Online Paper Product Retail; Online Personal Care Product Retail; Online Shoe Retail; Online Specialty Retail; Online Sporting and Recreational Good Retail; Other Specialty Retail; Specialty Retail",58536.1,0000027419
CPB,The Campbell's Company,NasdaqGS,United States,Consumer Staples,"Bread and Bakery Products (Primary); Bread, Biscuits and Cookies (Primary); Consumer Staples (Primary); Cookies (Primary); Cookies And Cracker (Primary); Crackers (Primary); Food Products (Primary); Food, Beverage and Tobacco (Primary); Frozen Foods (Primary); Meats, Meat Processing And Meat Related Products (Primary); Packaged Foods and Meats (Primary); Pasta (Primary); Potato and Corn Chips (Primary); Poultry And Poultry Products (Primary); Prepared and Preserved Foods (Primary); Prepared Soups and Stews (Primary); Pretzels (Primary); Sauces And Salad Dressings (Primary); Seasonings and Preservatives (Primary); Snack Food (Primary); Beverage Retail; Beverages; Consumer Staples Distribution and Retail; Consumer Staples Distribution and Retail; Food Retail; Juices; Online Beverage Retail; Online Food Retail; Soft Drinks and Non-alcoholic Beverages",6147.8,0000016732
CLX,The Clorox Company,NYSE,United States,Consumer Staples,"Animal Care Products (Primary); Cat Litter (Primary); Cleaning Products (Primary); Cleaning Rags, Cloths, and Wipes (Primary); Consumer Staples (Primary); Household and Personal Products (Primary); Household Disinfectants (Primary); Household Products (Primary); Household Products (Primary); Laundry Products (Primary); Consumer Discretionary; Consumer Durables and Apparel; Containers and Packaging; Food Products; Food, Beverage and Tobacco; Health Care; Household Appliances; Household Durables; Materials; Materials; Metal, Glass and Plastic Containers; Packaged Foods and Meats; Personal Care Products; Personal Care Products; Pharmaceuticals; Pharmaceuticals; Pharmaceuticals, Biotechnology and Life Sciences; Plastic Bags; Plastic Packaging; Sauces And Salad Dressings; Seasonings and Preservatives; Water Appliances; Water Treatment Appliances",11931.6,0000021076
KO,The Coca-Cola Company,NYSE,United States,Consumer Staples,"Beverages (Primary); Bottled Water (Primary); Consumer Staples (Primary); Drink Mixes (Primary); Flavoring Syrup And Concentrate (Primary); Food, Beverage and Tobacco (Primary); Juices (Primary); Non-Carbonated Drinks (Primary); Soda and other Carbonated Drinks (Primary); Soft Drinks and Non-alcoholic Beverages (Primary); Coffee; Coffee And Tea; Food Products; Packaged Foods and Meats; Tea",329827.2,0000021344
EL,The Estée Lauder Companies Inc.,NYSE,United States,Consumer Staples,Beauty Care Products (Primary); Consumer Staples (Primary); Cosmetics (Primary); Hair Care Products (Primary); Household and Personal Products (Primary); Perfumes and Colognes (Primary); Personal Care Products (Primary); Personal Care Products (Primary); Skin Care Products (Primary); Consumer Discretionary; Consumer Discretionary Distribution and Retail; Financial Services; Financial Services; Financials; Investment Services and Holding Companies; Multi-Sector Holdings; Online Personal Care Product Retail; Online Specialty Retail; Other Specialty Retail; Patent Owners and Lessors; Personal Care Product Stores; Specialty Retail,28149.6,0001001250
HSY,The Hershey Company,NYSE,United States,Consumer Staples,"Bread and Bakery Products (Primary); Bread, Biscuits and Cookies (Primary); Candy (Primary); Chewing Gum (Primary); Chocolate And Cocoa Products (Primary); Confectionery Products (Primary); Consumer Staples (Primary); Desserts and Dessert Toppings (Primary); Food Products (Primary); Food, Beverage and Tobacco (Primary); Mints (Primary); Packaged Foods and Meats (Primary); Popcorn (Primary); Prepared and Preserved Foods (Primary); Sauces And Salad Dressings (Primary); Seasonings and Preservatives (Primary); Snack Food (Primary); Spreads (Primary); Sweeteners (Primary); Syrup (Primary); Beverages; Soft Drinks and Non-alcoholic Beverages",38811.3,0000047111
SJM,The J. M. Smucker Company,NYSE,United States,Consumer Staples,"Animal Feed (Primary); Baking Mixes and Supplies (Primary); Bread and Bakery Products (Primary); Bread, Biscuits and Cookies (Primary); Cat Food (Primary); Coffee (Primary); Coffee And Tea (Primary); Consumer Staples (Primary); Cookies (Primary); Cookies And Cracker (Primary); Desserts and Dessert Toppings (Primary); Dog Food (Primary); Flour (Primary); Food Products (Primary); Food, Beverage and Tobacco (Primary); Frozen Bakery Products (Primary); Frozen Foods (Primary); Grain Mill Products (Primary); Packaged Foods and Meats (Primary); Peanut Butter (Primary); Prepared and Preserved Foods (Primary); Preserves, Jams, Jellies and Nut Spreads (Primary); Sandwiches and Filled Rolls (Primary); Sauces And Salad Dressings (Primary); Seasonings and Preservatives (Primary); Snack Food (Primary); Spreads (Primary); Sweeteners (Primary); Syrup (Primary); Beverages; Soft Drinks and Non-alcoholic Beverages",10245.7,0000091419
KHC,The Kraft Heinz Company,NasdaqGS,United States,Consumer Staples,"Cheese (Primary); Coffee (Primary); Coffee And Tea (Primary); Consumer Staples (Primary); Dairy Products (Primary); Dairy Products and Eggs (Primary); Food Products (Primary); Food, Beverage and Tobacco (Primary); Herbs, Spices and Extracts (Primary); Meats, Meat Processing And Meat Related Products (Primary); Packaged Foods and Meats (Primary); Prepared and Preserved Foods (Primary); Sauces And Salad Dressings (Primary); Seasonings and Preservatives (Primary); Snack Food (Primary); Beverages; Non-Carbonated Drinks; Soft Drinks and Non-alcoholic Beverages",26015.6,0001637459; 0001600508
KR,The Kroger Co.,NYSE,United States,Consumer Staples,"Consumer Staples (Primary); Consumer Staples Distribution and Retail (Primary); Consumer Staples Distribution and Retail (Primary); Food Retail (Primary); Full Stock Supermarkets (Primary); Grocery Stores (Primary); Online Food Retail (Primary); Online Grocery Retail (Primary); Apparel Retail; Automotive Retail; Broadline Retail; Broadline Retail; Computer and Electronics Retail; Consumer Discretionary; Consumer Discretionary Distribution and Retail; Consumer Staples Merchandise Retail; Department Stores; Drug Retail; Drug Stores and Pharmacies; Food Products; Food, Beverage and Tobacco; Gasoline Service Stations; Homefurnishing Retail; Oil and Gas Retail; Online Apparel and Accessory Retail; Online Apparel Retail; Online Beauty Care Product Retail; Online Consumer Electronics Retail; Online Drug Retail and Pharmacies; Online Healthcare and Medical Supply Retail; Online Hobbies, Games and Toy Retail; Online Home Furnishing Retail; Online Leisure Equipment Retail; Online Motor Vehicle Parts and Accessories Retail; Online Personal Care Product Retail; Online Pet Care Product Retail; Online Specialty Retail; Other Specialty Retail; Packaged Foods and Meats; Specialty Retail; Warehouse Clubs",41186.7,0000056873
PG,The Procter & Gamble Company,NYSE,United States,Consumer Staples,"Air Fresheners (Primary); Cleaning Products (Primary); Consumer Staples (Primary); Dishwashing Detergents (Primary); Household and Personal Products (Primary); Household Paper Products (Primary); Household Products (Primary); Household Products (Primary); Laundry Products (Primary); Paper Towels (Primary); Toilet Tissue (Primary); Baby Care Products; Beauty Care Products; Consumer Discretionary; Consumer Durables and Apparel; Dental Care Products; Deodorants and Antiperspirants; Diapers; Electric Razors and Hair Trimmers; Feminine Care Products; Gastrointestinal Drugs; Hair Care Products; Health Care; Household Appliances; Household Durables; Industrial Service Paper; Materials; Materials; Paper and Forest Products; Paper Products; Personal Appliances; Personal Care Products; Personal Care Products; Pharmaceutical Products; Pharmaceuticals; Pharmaceuticals; Pharmaceuticals, Biotechnology and Life Sciences; Respiratory Drugs; Shaving Products; Skin Care Products; Tissue Paper; Vitamins and Nutritional Supplements",344370.4,0000080424
TSN,"Tyson Foods, Inc.",NYSE,United States,Consumer Staples,"Beef Cattle (Primary); Bread and Bakery Products (Primary); Bread, Biscuits and Cookies (Primary); Chicken (Primary); Consumer Staples (Primary); Desserts and Dessert Toppings (Primary); Ethnic Foods (Primary); Food Products (Primary); Food, Beverage and Tobacco (Primary); Frozen Foods (Primary); Hogs (Primary); Livestock And Animal Specialties (Primary); Meat Processing (Primary); Meat Products (Primary); Meat Slaughtering (Primary); Meats, Meat Processing And Meat Related Products (Primary); Packaged Foods and Meats (Primary); Poultry Processing (Primary); Prepared and Preserved Foods (Primary); Prepared Soups and Stews (Primary); Processed Cold Cuts (Primary); Sandwiches and Filled Rolls (Primary); Sauces And Salad Dressings (Primary); Sausage and Hot Dogs (Primary); Seasonings and Preservatives (Primary); Snack Food (Primary); Specialty Meat Products (Primary); Tortillas (Primary); Turkey (Primary)",22543.6,0000100493
WMT,Walmart Inc.,NasdaqGS,United States,Consumer Staples,Consumer Staples (Primary); Consumer Staples Distribution and Retail (Primary); Consumer Staples Distribution and Retail (Primary); Consumer Staples Merchandise Retail (Primary); Hypermarkets and Super Centers (Primary); Warehouse Clubs (Primary); Apparel Retail; Automotive Retail; Broadline Retail; Broadline Retail; Consumer Discretionary; Consumer Discretionary Distribution and Retail; Consumer Finance; Consumer Finance; Convenience Stores; Discount Stores; Drug Retail; Drug Stores and Pharmacies; Financial Services; Financials; Food Retail; Full Stock Supermarkets; Funds Transfer and Exchange Services; Gasoline Service Stations; General Merchandise Stores; Grocery Stores; Health Care; Health Care Equipment and Services; Health Care Providers and Services; Health Care Services; Leisure Equipment Stores; Medical Doctor Specialist Services; Oil and Gas Retail; Online Broadline Retail; Online Drug Retail and Pharmacies; Online Food Retail; Online General Merchandise Retail; Online Grocery Retail; Online Musical Instrument Retail; Online Specialty Retail; Ophthalmology Services; Other Specialty Retail; Personal Credit Agencies; Specialty Retail,1035591.1,0000104169
